"day","total_steps"
2016-09-12,9372
2016-09-13,9656
2016-09-14,1829
2016-09-26,8101
2016-09-27,3053
2016-09-28,3028
2016-09-29,3834
2016-09-30,7983
2016-10-01,7301
2016-10-02,5998
2016-10-03,6384
2016-10-04,6436
2016-10-05,6401
2016-10-06,8159
2016-10-07,6100
2016-10-08,14545
2016-10-09,7635
2016-10-10,6482
2016-10-11,8637
2016-10-12,5999
2016-10-13,7780
2016-10-14,3398
2016-10-15,7308
2016-10-16,8397
2016-10-17,2028
2016-10-18,7903
2016-10-19,5757
2016-10-20,7103
2016-10-21,1016
2016-10-22,5160
2016-10-23,6731
2016-10-24,8856
2016-10-25,10082
2016-10-26,6764
2016-10-27,4860
2016-10-28,6615
2016-10-29,8768
2016-10-30,15598
2016-10-31,3823
2016-11-01,5513
2016-11-02,8229
2016-11-03,7217
2016-11-04,5339
2016-11-05,3796
2016-11-06,14586
2016-11-07,10002
2016-11-08,7422
2016-11-09,5840
2016-11-10,3432
2016-11-11,9436
2016-11-12,9498
2016-11-13,4106
2016-11-14,4138
2016-11-15,7539
2016-11-16,8878
2016-11-17,8115
2016-11-18,8276
2016-11-19,13447
2016-11-20,13171
2016-11-21,4583
2016-11-22,6160
2016-11-23,7133
2016-11-24,1946
2016-11-25,3840
2016-11-26,1331
2016-11-27,1189
2016-11-28,3749
2016-11-29,8521
2016-11-30,6114
2016-12-01,6396
2016-12-02,3386
2016-12-03,7774
2016-12-04,11623
2016-12-05,7957
2016-12-06,4708
2016-12-07,7296
2016-12-08,5952
2016-12-09,5171
2016-12-10,15258
2016-12-11,7422
2016-12-12,5552
2016-12-13,5587
2016-12-14,3610
2016-12-15,5017
2016-12-16,7305
2016-12-17,17134
2016-12-18,5041
2016-12-19,10322
2016-12-20,5262
2016-12-21,6813
2016-12-22,4484
2016-12-23,5258
2016-12-24,7603
2016-12-25,3564
2016-12-26,1639
2016-12-27,7967
2016-12-28,9074
2016-12-29,2254
2016-12-30,12994
2016-12-31,13570
2017-01-01,5582
2017-01-02,5118
2017-01-03,5595
2017-01-04,5439
2017-01-05,6540
2017-01-06,7742
2017-01-07,7141
2017-01-08,4979
2017-01-09,7583
2017-01-10,2821
2017-01-11,2917
2017-01-12,3097
2017-01-13,6716
2017-01-14,4036
2017-01-15,1861
2017-01-16,1963
2017-01-17,8261
2017-01-18,6689
2017-01-19,9782
2017-01-20,3369
2017-01-21,4356
2017-01-22,9444
2017-01-23,3699
2017-01-24,6507
2017-01-25,8998
2017-01-26,13051
2017-01-27,7764
2017-01-28,15230
2017-01-29,10630
2017-01-30,6684
2017-01-31,2153
2017-02-01,2841
2017-02-02,2752
2017-02-03,4732
2017-02-04,13602
2017-02-05,11651
2017-02-06,2466
2017-02-07,5150
2017-02-08,4095
2017-02-09,6514
2017-02-10,6823
2017-02-11,11503
2017-02-12,9223
2017-02-13,9333
2017-02-14,5722
2017-02-15,11706
2017-02-16,3818
2017-02-17,5658
2017-02-18,1767
2017-02-19,7060
2017-02-20,9304
2017-02-21,7512
2017-02-22,2969
2017-02-23,3432
2017-02-24,13875
2017-02-25,6160
2017-02-26,6865
2017-02-27,5104
2017-02-28,6550
2017-03-01,8453
2017-03-02,6747
2017-03-03,3145
2017-03-04,6100
2017-03-05,10960
2017-03-06,5388
2017-03-07,7387
2017-03-08,6195
2017-03-09,6721
2017-03-10,1134
2017-03-11,3014
2017-03-12,4343
2017-03-13,8591
2017-03-14,6805
2017-03-15,3294
2017-03-16,2844
2017-03-17,5161
2017-03-18,6043
2017-03-19,3141
2017-03-20,6026
2017-03-21,7304
2017-03-22,8312
2017-03-23,7616
2017-03-24,2334
2017-03-25,5980
2017-03-26,5548
2017-03-27,5049
2017-03-28,2724
2017-03-29,5391
2017-03-30,3543
2017-03-31,10990
2017-04-01,2110
2017-04-02,16495
2017-04-03,6839
2017-04-04,8669
2017-04-05,3544
2017-04-06,2624
2017-04-07,8235
2017-04-08,3530
2017-04-09,5515
2017-04-10,6173
2017-04-11,5781
2017-04-12,9231
2017-04-13,7114
2017-04-14,4490
2017-04-15,8685
2017-04-16,16617
2017-04-17,3391
2017-04-18,8042
2017-04-19,4079
2017-04-20,6774
2017-04-21,5281
2017-04-22,12265
2017-04-23,11455
2017-04-24,5011
2017-04-25,3283
2017-04-26,6544
2017-04-27,7114
2017-04-28,9487
2017-04-29,10496
2017-04-30,14357
2017-05-01,4280
2017-05-02,4468
2017-05-03,4510
2017-05-04,4374
2017-05-05,4581
2017-05-06,14652
2017-05-07,3350
2017-05-08,5054
2017-05-09,7574
2017-05-10,3908
2017-05-11,11995
2017-05-12,8738
2017-05-13,1835
2017-05-14,14037
2017-05-15,5338
2017-05-16,2273
2017-05-17,3627
2017-05-18,4247
2017-05-19,8388
2017-05-20,5921
2017-05-21,10161
2017-05-22,6116
2017-05-23,5377
2017-05-24,9222
2017-05-25,11051
2017-05-26,807
2017-05-27,12464
2017-05-28,11070
2017-05-29,5353
2017-05-30,4389
2017-05-31,9294
2017-06-01,10316
2017-06-02,6168
2017-06-03,25843
2017-06-04,14949
2017-06-05,11193
2017-06-06,3669
2017-06-07,8335
2017-06-08,8456
2017-06-09,7580
2017-06-10,9518
2017-06-11,10529
2017-06-12,11007
2017-06-13,5459
2017-06-14,6416
2017-06-15,6746
2017-06-16,10768
2017-06-17,15947
2017-06-18,9611
2017-06-19,5438
2017-06-20,5600
2017-06-21,5778
2017-06-22,8374
2017-06-23,4104
2017-06-24,4436
2017-06-25,26586
2017-06-26,7518
2017-06-27,5266
2017-06-28,5044
2017-06-29,2571
2017-06-30,10387
2017-07-01,13693
2017-07-02,20656
2017-07-03,3604
2017-07-04,6977
2017-07-05,11666
2017-07-06,4977
2017-07-07,7562
2017-07-08,5674
2017-07-09,13944
2017-07-10,7658
2017-07-11,3459
2017-07-12,4241
2017-07-13,9113
2017-07-14,4047
2017-07-15,2107
2017-07-16,6417
2017-07-17,7442
2017-07-18,7823
2017-07-19,7515
2017-07-20,9247
2017-07-21,13228
2017-07-22,4134
2017-07-23,9559
2017-07-24,14616
2017-07-25,15105
2017-07-26,13603
2017-07-27,9921
2017-07-28,17509
2017-07-29,17434
2017-07-30,17807
2017-07-31,9458
2017-08-01,12903
2017-08-02,7120
2017-08-03,15336
2017-08-04,6614
2017-08-05,6717
2017-08-06,11046
2017-08-07,12825
2017-08-08,4917
2017-08-09,10281
2017-08-10,4821
2017-08-11,5283
2017-08-12,10610
2017-08-13,12272
2017-08-14,2766
2017-08-15,10293
2017-08-16,5477
2017-08-17,6170
2017-08-18,9829
2017-08-19,14967
2017-08-20,5759
2017-08-21,13164
2017-08-22,15560
2017-08-23,8379
2017-08-24,5552
2017-08-25,6557
2017-08-26,10182
2017-08-27,13537
2017-08-28,7532
2017-08-29,8301
2017-08-30,11790
2017-08-31,6702
2017-09-01,9584
2017-09-02,4195
2017-09-03,6758
2017-09-04,6735
2017-09-05,3517
2017-09-06,4255
2017-09-07,6039
2017-09-08,8468
2017-09-09,4383
2017-09-10,17976
2017-09-11,6864
2017-09-12,7549
2017-09-13,10861
2017-09-14,6252
2017-09-15,7049
2017-09-16,14273
2017-09-17,14778
2017-09-18,7973
2017-09-19,5168
2017-09-20,10397
2017-09-21,6877
2017-09-22,7548
2017-09-23,5655
2017-09-24,17323
2017-09-25,6446
2017-09-26,10741
2017-09-27,4397
2017-09-28,8372
2017-09-29,10278
2017-09-30,13612
2017-10-01,24114
2017-10-02,4209
2017-10-03,7392
2017-10-04,5700
2017-10-05,7048
2017-10-06,15636
2017-10-07,11403
2017-10-08,11628
2017-10-09,1578
2017-10-10,5202
2017-10-11,6136
2017-10-12,4500
2017-10-13,6868
2017-10-14,8880
2017-10-15,9053
2017-10-16,7168
2017-10-17,9962
2017-10-18,5542
2017-10-19,10249
2017-10-20,10318
2017-10-21,5492
2017-10-22,15615
2017-10-23,8352
2017-10-24,9872
2017-10-25,5476
2017-10-26,8830
2017-10-27,9059
2017-10-28,15738
2017-10-29,8044
2017-10-30,6403
2017-10-31,13487
2017-11-01,3928
2017-11-02,6687
2017-11-03,3964
2017-11-04,2276
2017-11-05,9340
2017-11-06,8450
2017-11-07,2909
2017-11-08,7217
2017-11-09,8361
2017-11-10,9542
2017-11-11,2884
2017-11-12,9773
2017-11-13,8876
2017-11-14,5882
2017-11-15,6256
2017-11-16,5796
2017-11-17,3782
2017-11-18,8756
2017-11-19,11032
2017-11-20,15889
2017-11-21,14151
2017-11-22,5525
2017-11-23,16600
2017-11-24,13389
2017-11-25,21799
2017-11-26,3243
2017-11-27,5111
2017-11-28,8646
2017-11-29,8211
2017-11-30,6493
2017-12-01,6505
2017-12-02,13813
2017-12-03,11704
2017-12-04,11466
2017-12-05,7462
2017-12-06,4335
2017-12-07,4574
2017-12-08,7684
2017-12-09,1510
2017-12-10,10452
2017-12-11,4040
2017-12-12,6874
2017-12-13,6637
2017-12-14,4038
2017-12-15,6721
2017-12-16,1929
2017-12-17,7325
2017-12-18,7024
2017-12-19,5698
2017-12-20,6363
2017-12-21,7092
2017-12-22,6231
2017-12-23,5006
2017-12-24,5002
2017-12-25,14140
2017-12-26,2664
2017-12-27,9463
2017-12-28,4200
2017-12-29,3031
2017-12-30,5714
2017-12-31,6717
2018-01-01,5524
2018-01-02,11258
2018-01-03,4134
2018-01-04,8632
2018-01-05,3253
2018-01-06,4547
2018-01-07,7156
2018-01-08,5112
2018-01-09,6165
2018-01-10,11781
2018-01-11,8412
2018-01-12,8104
2018-01-13,2244
2018-01-14,3405
2018-01-15,531
2018-01-16,11378
2018-01-17,7171
2018-01-18,4210
2018-01-19,8621
2018-01-20,10766
2018-01-21,3461
2018-01-22,2334
2018-01-23,9529
2018-01-24,3322
2018-01-25,5545
2018-01-26,7161
2018-01-27,17636
2018-01-28,4040
2018-01-29,9324
2018-01-30,3083
2018-01-31,9390
2018-02-01,5015
2018-02-02,9472
2018-02-03,6322
2018-02-04,2801
2018-02-05,3460
2018-02-06,10219
2018-02-07,4572
2018-02-08,13454
2018-02-09,6032
2018-02-10,14146
2018-02-11,7601
2018-02-12,9815
2018-02-13,7503
2018-02-14,7096
2018-02-15,7581
2018-02-16,7213
2018-02-17,10148
2018-02-18,9272
2018-02-19,4123
2018-02-20,2851
2018-02-21,4957
2018-02-22,6938
2018-02-23,4999
2018-02-24,6894
2018-02-25,5295
2018-02-26,14540
2018-02-27,6192
2018-02-28,10912
2018-03-01,6648
2018-03-02,4045
2018-03-03,4232
2018-03-04,9989
2018-03-05,5024
2018-03-06,4341
2018-03-07,9471
2018-03-08,3897
2018-03-09,3079
2018-03-10,2477
2018-03-11,10800
2018-03-12,5093
2018-03-13,7826
2018-03-14,6863
2018-03-15,12050
2018-03-16,9047
2018-03-17,1763
2018-03-18,16994
2018-03-19,6910
2018-03-20,6357
2018-03-21,5467
2018-03-22,7087
2018-03-23,9277
2018-03-24,15800
2018-03-25,10796
2018-03-26,7621
2018-03-27,7085
2018-03-28,5632
2018-03-29,7695
2018-03-30,9559
2018-03-31,15405
2018-04-01,8641
2018-04-02,4580
2018-04-03,7569
2018-04-04,8623
2018-04-05,5149
2018-04-06,19698
2018-04-07,4762
2018-04-08,14441
2018-04-09,4795
2018-04-10,10270
2018-04-11,8155
2018-04-12,9577
2018-04-13,17651
2018-04-14,12152
2018-04-15,17053
2018-04-16,6957
2018-04-17,10935
2018-04-18,6083
2018-04-19,7346
2018-04-20,7516
2018-04-21,10068
2018-04-22,10316
2018-04-23,7975
2018-04-24,7210
2018-04-25,10733
2018-04-26,11611
2018-04-27,9849
2018-04-28,18920
2018-04-29,20878
2018-04-30,8100
2018-05-01,9330
2018-05-02,7831
2018-05-03,12205
2018-05-04,9330
2018-05-05,36885
2018-05-06,25778
2018-05-07,4861
2018-05-08,6888
2018-05-09,8488
2018-05-10,7971
2018-05-11,10916
2018-05-12,5444
2018-05-13,17435
2018-05-14,9727
2018-05-15,6938
2018-05-16,9132
2018-05-17,9462
2018-05-18,12026
2018-05-19,15955
2018-05-20,17165
2018-05-21,8324
2018-05-22,8143
2018-05-23,6319
2018-05-24,11594
2018-05-25,10051
2018-05-26,23562
2018-05-27,12882
2018-05-28,10429
2018-05-29,9953
2018-05-30,9921
2018-05-31,6150
2018-06-01,10591
2018-06-02,12665
2018-06-03,19162
2018-06-04,7514
2018-06-05,7029
2018-06-06,10321
2018-06-07,6212
2018-06-08,4401
2018-06-09,4868
2018-06-10,12733
2018-06-11,8338
2018-06-12,9822
2018-06-13,9401
2018-06-14,10317
2018-06-15,11260
2018-06-16,15343
2018-06-17,5724
2018-06-18,4930
2018-06-19,9672
2018-06-20,13095
2018-06-21,7274
2018-06-22,14665
2018-06-23,17298
2018-06-24,7745
2018-06-25,5747
2018-06-26,8077
2018-06-27,7558
2018-06-28,5732
2018-06-29,15810
2018-06-30,12340
2018-07-01,8233
2018-07-02,5844
2018-07-03,17163
2018-07-04,16128
2018-07-05,6675
2018-07-06,7867
2018-07-07,6138
2018-07-08,8479
2018-07-09,12470
2018-07-10,5649
2018-07-11,6844
2018-07-12,7688
2018-07-13,11411
2018-07-14,15249
2018-07-15,16522
2018-07-16,10357
2018-07-17,7415
2018-07-18,9918
2018-07-19,9449
2018-07-20,14203
2018-07-21,11472
2018-07-22,6662
2018-07-23,12948
2018-07-24,6739
2018-07-25,9366
2018-07-26,17189
2018-07-27,8018
2018-07-28,10347
2018-07-29,6406
2018-07-30,18261
2018-07-31,5648
2018-08-01,9560
2018-08-02,13267
2018-08-03,9432
2018-08-04,2702
2018-08-05,14747
2018-08-06,5394
2018-08-07,13682
2018-08-08,6967
2018-08-09,11461
2018-08-10,10892
2018-08-11,13456
2018-08-12,16856
2018-08-13,11507
2018-08-14,8951
2018-08-15,5658
2018-08-16,7250
2018-08-17,10477
2018-08-18,8062
2018-08-19,665
2018-08-20,11383
2018-08-21,4693
2018-08-22,7100
2018-08-23,7623
2018-08-24,11085
2018-08-25,7797
2018-08-26,3415
2018-08-27,6182
2018-08-28,7800
2018-08-29,6674
2018-08-30,8984
2018-08-31,3491
2018-09-01,5195
2018-09-02,8597
2018-09-03,5032
2018-09-04,8806
2018-09-05,5013
2018-09-06,4256
2018-09-07,2758
2018-09-08,5327
2018-09-09,3076
2018-09-10,4949
2018-09-11,6895
2018-09-12,5795
2018-09-13,2087
2018-09-14,297
2018-09-15,161
2018-09-16,343
2018-09-17,2757
2018-09-18,7111
2018-09-19,6888
2018-09-20,7037
2018-09-21,4369
2018-09-22,7650
2018-09-23,1514
2018-09-24,3660
2018-09-25,5618
2018-09-26,2447
2018-09-27,4687
2018-09-28,2874
2018-09-29,5641
2018-09-30,3160
2018-10-01,4522
2018-10-02,4974
2018-10-03,4199
2018-10-04,4386
2018-10-05,2304
2018-10-06,10614
2018-10-07,6589
2018-10-08,4145
2018-10-09,6807
2018-10-10,7208
2018-10-11,4223
2018-10-12,5593
2018-10-13,792
2018-10-14,4463
2018-10-15,8482
2018-10-16,6384
2018-10-17,6176
2018-10-18,6567
2018-10-19,4998
2018-10-20,648
2018-10-21,2707
2018-10-22,6711
2018-10-23,4413
2018-10-24,7862
2018-10-25,4815
2018-10-26,5783
2018-10-27,5157
2018-10-28,3266
2018-10-29,6121
2018-10-30,2756
2018-10-31,6181
2018-11-01,3881
2018-11-02,3328
2018-11-03,6611
2018-11-04,3289
2018-11-05,3528
2018-11-06,4715
2018-11-07,5846
2018-11-08,4797
2018-11-09,6862
2018-11-10,1237
2018-11-11,1519
2018-11-12,3583
2018-11-13,6597
2018-11-14,2456
2018-11-15,4820
2018-11-16,5124
2018-11-17,3996
2018-11-18,722
2018-11-19,2073
2018-11-20,4628
2018-11-21,1353
2018-11-22,1067
2018-11-23,1680
2018-11-24,5408
2018-11-25,3095
2018-11-26,5401
2018-11-27,3863
2018-11-28,3905
2018-11-29,5721
2018-11-30,6258
2018-12-01,150
2018-12-02,5326
2018-12-03,6898
2018-12-04,58
2018-12-05,5320
2018-12-06,2404
2018-12-07,4650
2018-12-08,208
2018-12-09,5000
2018-12-10,3495
2018-12-11,4781
2018-12-12,5224
2018-12-13,4895
2018-12-14,2017
2018-12-15,3083
2018-12-16,5030
2018-12-17,4912
2018-12-18,3680
2018-12-19,5975
2018-12-20,2538
2018-12-21,8160
2018-12-22,7760
2018-12-23,4480
2018-12-24,2798
2018-12-25,3851
2018-12-26,2461
2018-12-27,3884
2018-12-28,3376
2018-12-29,1907
2018-12-30,2359
2018-12-31,832
2019-01-01,1510
2019-01-02,2122
2019-01-03,1429
2019-01-04,1032
2019-01-05,1645
2019-01-06,5906
2019-01-07,1724
2019-01-08,5271
2019-01-09,6820
2019-01-10,9434
2019-01-11,2600
2019-01-12,4812
2019-01-13,1156
2019-01-14,7668
2019-01-15,5268
2019-01-16,8371
2019-01-17,4208
2019-01-18,6848
2019-01-19,8423
2019-01-20,12470
2019-01-21,3128
2019-01-22,6384
2019-01-23,7852
2019-01-24,3693
2019-01-25,2290
2019-01-26,1022
2019-01-27,2153
2019-01-28,8798
2019-01-29,2925
2019-01-30,6066
2019-01-31,4709
2019-02-01,8779
2019-02-02,7282
2019-02-03,1191
2019-02-04,6162
2019-02-05,4306
2019-02-06,5349
2019-02-07,4009
2019-02-08,3842
2019-02-09,8943
2019-02-10,2845
2019-02-11,4642
2019-02-12,8689
2019-02-13,3024
2019-02-14,5135
2019-02-15,5910
2019-02-16,4799
2019-02-17,1659
2019-02-18,5252
2019-02-19,4749
2019-02-20,4587
2019-02-21,3272
2019-02-22,2236
2019-02-23,3188
2019-02-24,2064
2019-02-25,5437
2019-02-26,3812
2019-02-27,6633
2019-02-28,3794
2019-03-01,7690
2019-03-02,5528
2019-03-03,3251
2019-03-04,5944
2019-03-05,4718
2019-03-06,10296
2019-03-07,5281
2019-03-08,9527
2019-03-09,1734
2019-03-10,9401
2019-03-11,7653
2019-03-12,1751
2019-03-13,10190
2019-03-14,6627
2019-03-15,7304
2019-03-16,712
2019-03-17,2587
2019-03-18,3430
2019-03-19,4064
2019-03-20,6432
2019-03-21,4051
2019-03-22,10271
2019-03-23,12483
2019-03-24,4441
2019-03-25,5727
2019-03-26,3507
2019-03-27,5421
2019-03-28,3771
2019-03-29,2827
2019-03-30,1289
2019-03-31,4565
2019-04-01,8998
2019-04-02,5229
2019-04-03,6716
2019-04-04,7116
2019-04-05,3581
2019-04-06,3143
2019-04-07,2020
2019-04-08,4372
2019-04-09,4979
2019-04-10,6269
2019-04-11,4294
2019-04-12,4513
2019-04-13,4558
2019-04-14,1420
2019-04-15,4652
2019-04-16,5697
2019-04-17,8543
2019-04-18,8164
2019-04-19,9563
2019-04-20,13910
2019-04-21,15646
2019-04-22,15785
2019-04-23,3042
2019-04-24,5861
2019-04-25,1404
2019-04-26,2843
2019-04-27,6429
2019-04-28,4229
2019-04-29,3153
2019-04-30,2690
2019-05-01,369
2019-05-02,3287
2019-05-03,3496
2019-05-04,3294
2019-05-05,3400
2019-05-06,3002
2019-05-07,9979
2019-05-08,3412
2019-05-09,2648
2019-05-10,3900
2019-05-11,2280
2019-05-12,10430
2019-05-13,4522
2019-05-14,4439
2019-05-15,6306
2019-05-16,4573
2019-05-17,7643
2019-05-18,1079
2019-05-19,769
2019-05-20,5781
2019-05-21,5588
2019-05-22,6982
2019-05-23,5218
2019-05-24,7536
2019-05-25,10232
2019-05-26,6275
2019-05-27,4477
2019-05-28,7532
2019-05-29,4087
2019-05-30,4424
2019-05-31,3040
2019-06-01,3795
2019-06-02,1048
2019-06-03,2957
2019-06-04,5558
2019-06-05,7602
2019-06-06,9600
2019-06-07,5724
2019-06-08,1358
2019-06-09,4396
2019-06-10,4523
2019-06-11,3335
2019-06-12,5337
2019-06-13,9159
2019-06-14,8025
2019-06-15,2900
2019-06-16,2163
2019-06-17,3869
2019-06-18,2180
2019-06-19,6611
2019-06-20,5192
2019-06-21,4642
2019-06-22,1525
2019-06-23,4756
2019-06-24,3575
2019-06-25,3045
2019-06-26,4521
2019-06-27,4657
2019-06-28,2569
2019-06-29,1545
2019-06-30,5003
2019-07-01,3646
2019-07-02,6478
2019-07-03,8236
2019-07-04,1874
2019-07-05,23426
2019-07-06,11524
2019-07-07,4433
2019-07-08,6761
2019-07-09,5752
2019-07-10,6545
2019-07-11,9518
2019-07-12,8527
2019-07-13,1205
2019-07-14,1241
2019-07-15,7739
2019-07-16,7997
2019-07-17,6918
2019-07-18,4711
2019-07-19,4877
2019-07-20,11396
2019-07-21,4741
2019-07-22,8090
2019-07-23,5975
2019-07-24,8002
2019-07-25,9077
2019-07-26,5943
2019-07-27,2693
2019-07-28,3034
2019-07-29,774
2019-07-30,4472
2019-07-31,8290
2019-08-01,5168
2019-08-02,5695
2019-08-03,4291
2019-08-04,4321
2019-08-05,4823
2019-08-06,5909
2019-08-07,5399
2019-08-08,4873
2019-08-09,7363
2019-08-10,3003
2019-08-11,7643
2019-08-12,9245
2019-08-13,24704
2019-08-14,27270
2019-08-15,21071
2019-08-16,22418
2019-08-17,22526
2019-08-18,16891
2019-08-19,27968
2019-08-20,19696
2019-08-21,19042
2019-08-22,24157
2019-08-23,19492
2019-08-24,10287
2019-08-25,9806
2019-08-26,3143
2019-08-27,12266
2019-08-28,7661
2019-08-29,9428
2019-08-30,4987
2019-08-31,10612
2019-09-01,2949
2019-09-02,4847
2019-09-03,10199
2019-09-04,9498
2019-09-05,9295
2019-09-06,8739
2019-09-07,2950
2019-09-08,1809
2019-09-09,7983
2019-09-10,9093
2019-09-11,8599
2019-09-12,5433
2019-09-13,5643
2019-09-14,5292
2019-09-15,2827
2019-09-16,4119
2019-09-17,10062
2019-09-18,4651
2019-09-19,9545
2019-09-20,4263
2019-09-21,7098
2019-09-22,3103
2019-09-23,3947
2019-09-24,4991
2019-09-25,8792
2019-09-26,3796
2019-09-27,8522
2019-09-28,25
2019-09-29,6865
2019-09-30,13608
2019-10-01,7856
2019-10-02,7926
2019-10-03,9250
2019-10-04,6322
2019-10-05,1655
2019-10-06,4343
2019-10-07,3146
2019-10-08,3613
2019-10-09,7656
2019-10-10,6989
2019-10-11,8097
2019-10-12,6071
2019-10-13,5803
2019-10-14,6606
2019-10-15,7747
2019-10-16,11465
2019-10-17,5057
2019-10-18,4764
2019-10-19,3895
2019-10-20,2148
2019-10-21,3341
2019-10-22,4112
2019-10-23,7384
2019-10-24,9394
2019-10-25,2866
2019-10-26,4463
2019-10-27,1831
2019-10-28,5692
2019-10-29,8356
2019-10-30,2229
2019-10-31,8490
2019-11-01,6257
2019-11-02,838
2019-11-03,3134
2019-11-04,5516
2019-11-05,10801
2019-11-06,4138
2019-11-07,6665
2019-11-08,4291
2019-11-09,2218
2019-11-10,5607
2019-11-11,4778
2019-11-12,6130
2019-11-13,3333
2019-11-14,4259
2019-11-15,4786
2019-11-16,1764
2019-11-17,1464
2019-11-18,5842
2019-11-19,6133
2019-11-20,4421
2019-11-21,7072
2019-11-22,5297
2019-11-23,2870
2019-11-24,1480
2019-11-25,5909
2019-11-26,4790
2019-11-27,6830
2019-11-28,976
2019-11-29,429
2019-11-30,4045
2019-12-01,1279
2019-12-02,795
2019-12-03,4485
2019-12-04,5581
2019-12-05,3116
2019-12-06,2905
2019-12-07,927
2019-12-08,587
2019-12-09,5325
2019-12-10,6338
2019-12-11,2071
2019-12-12,2019
2019-12-13,4842
2019-12-14,1520
2019-12-15,4866
2019-12-16,674
2019-12-17,193
2019-12-18,703
2019-12-19,903
2019-12-20,1708
2019-12-21,2310
2019-12-22,5588
2019-12-23,274
2019-12-24,4081
2019-12-25,1880
2019-12-26,4339
2019-12-27,494
2019-12-28,871
2019-12-29,2837
2019-12-30,5021
2019-12-31,1352
2020-01-01,2997
2020-01-02,466
2020-01-03,6312
2020-01-04,2372
2020-01-05,7959
2020-01-06,3737
2020-01-07,5082
2020-01-08,11616
2020-01-09,15563
2020-01-10,6620
2020-01-11,5175
2020-01-12,3282
2020-01-13,4936
2020-01-14,8282
2020-01-15,7269
2020-01-16,11374
2020-01-17,2730
2020-01-18,4207
2020-01-19,6327
2020-01-20,2349
2020-01-21,5926
2020-01-22,4810
2020-01-23,10629
2020-01-24,4000
2020-01-25,9444
2020-01-26,1084
2020-01-27,6349
2020-01-28,10336
2020-01-29,5261
2020-01-30,8751
2020-01-31,1610
2020-02-01,4158
2020-02-02,4833
2020-02-03,3423
2020-02-04,11109
2020-02-05,5303
2020-02-06,7565
2020-02-07,3086
2020-02-08,4202
2020-02-09,4212
2020-02-10,6886
2020-02-11,13196
2020-02-12,5876
2020-02-13,10958
2020-02-14,884
2020-02-15,151
2020-02-16,3289
2020-02-17,3049
2020-02-18,12034
2020-02-19,8501
2020-02-20,7528
2020-02-21,4537
2020-02-22,1957
2020-02-23,1362
2020-02-24,4525
2020-02-25,7908
2020-02-26,6492
2020-02-27,11769
2020-02-28,6547
2020-02-29,2147
2020-03-01,4225
2020-03-02,3513
2020-03-03,9316
2020-03-04,5439
2020-03-05,10556
2020-03-06,2313
2020-03-07,9582
2020-03-08,6470
2020-03-09,1442
2020-03-10,858
2020-03-11,7062
2020-03-12,6318
2020-03-13,2578
2020-03-14,181
2020-03-15,889
2020-03-16,9688
2020-03-17,2565
2020-03-18,4024
2020-03-19,926
2020-03-20,548
2020-03-21,503
2020-03-22,648
2020-03-23,645
2020-03-24,6421
2020-03-25,1086
2020-03-26,908
2020-03-27,947
2020-03-28,7704
2020-03-29,550
2020-03-30,3695
2020-03-31,761
2020-04-01,355
2020-04-02,745
2020-04-03,688
2020-04-04,5853
2020-04-05,1210
2020-04-06,1799
2020-04-07,1058
2020-04-08,1734
2020-04-09,1593
2020-04-10,6875
2020-04-11,1171
2020-04-12,865
2020-04-13,1299
2020-04-14,1550
2020-04-15,2188
2020-04-16,1076
2020-04-17,512
2020-04-18,6040
2020-04-19,839
2020-04-20,5594
2020-04-21,869
2020-04-22,668
2020-04-23,806
2020-04-24,1145
2020-04-25,1014
2020-04-26,569
2020-04-27,1081
2020-04-28,2209
2020-04-29,851
2020-04-30,2423
2020-05-01,970
2020-05-02,509
2020-05-03,757
2020-05-04,1052
2020-05-05,814
2020-05-06,805
2020-05-07,1473
2020-05-08,3262
2020-05-09,553
2020-05-10,2642
2020-05-11,1058
2020-05-12,2201
2020-05-13,4263
2020-05-14,471
2020-05-15,643
2020-05-16,929
2020-05-17,711
2020-05-18,877
2020-05-19,289
2020-05-20,3101
2020-05-21,2753
2020-05-22,768
2020-05-23,439
2020-05-24,3277
2020-05-25,1068
2020-05-26,812
2020-05-27,1564
2020-05-28,975
2020-05-29,670
2020-05-30,10829
2020-05-31,1159
2020-06-01,885
2020-06-02,822
2020-06-03,3010
2020-06-04,4484
2020-06-05,2560
2020-06-06,4522
2020-06-07,878
2020-06-08,782
2020-06-09,877
2020-06-10,454
2020-06-11,2118
2020-06-12,26698
2020-06-13,17484
2020-06-14,2777
2020-06-15,3590
2020-06-16,1554
2020-06-17,13786
2020-06-18,5315
2020-06-19,132
2020-06-20,2794
2020-06-21,1644
2020-06-22,2976
2020-06-23,51
2020-06-24,4617
2020-06-25,11779
2020-06-26,7802
2020-06-27,15856
2020-06-28,14277
2020-06-29,1228
2020-06-30,2636
2020-07-01,8773
2020-07-02,4144
2020-07-03,959
2020-07-04,2037
2020-07-05,3756
2020-07-06,6370
2020-07-07,2330
2020-07-08,9744
2020-07-09,7804
2020-07-10,9543
2020-07-11,7347
2020-07-12,17691
2020-07-13,4262
2020-07-14,957
2020-07-15,7921
2020-07-16,3514
2020-07-17,1798
2020-07-18,12973
2020-07-19,715
2020-07-20,271
2020-07-21,1772
2020-07-22,8233
2020-07-23,4513
2020-07-24,1876
2020-07-25,3436
2020-07-26,18410
2020-07-27,2048
2020-07-28,1821
2020-07-29,2603
2020-07-30,7760
2020-07-31,4911
2020-08-01,6192
2020-08-02,6570
2020-08-03,1868
2020-08-04,831
2020-08-05,2569
2020-08-06,3036
2020-08-07,4858
2020-08-08,12232
2020-08-09,2337
2020-08-10,178
2020-08-11,2446
2020-08-12,2666
2020-08-13,1841
2020-08-14,11792
2020-08-15,19964
2020-08-16,20799
2020-08-17,5383
2020-08-18,735
2020-08-19,236
2020-08-20,291
2020-08-21,3614
2020-08-22,22186
2020-08-23,10957
2020-08-24,2660
2020-08-25,667
2020-08-26,1550
2020-08-27,17815
2020-08-28,17793
2020-08-29,4009
2020-08-30,9762
2020-08-31,3166
2020-09-01,6395
2020-09-02,205
2020-09-03,1801
2020-09-04,7725
2020-09-05,346
2020-09-06,409
2020-09-07,1802
2020-09-08,3005
2020-09-09,1330
2020-09-10,329
2020-09-11,1203
2020-09-12,807
2020-09-13,83
2020-09-14,2376
2020-09-15,2990
2020-09-16,751
2020-09-17,1668
2020-09-18,1278
2020-09-19,2386
2020-09-20,2201
2020-09-22,4729
2020-09-23,313
2020-09-24,1536
2020-09-25,1486
2020-09-26,458
2020-09-27,252
2020-09-28,1071
2020-09-29,5216
2020-09-30,2826
2020-10-01,434
2020-10-02,3218
2020-10-03,1418
2020-10-04,121
2020-10-05,68
2020-10-06,5261
2020-10-07,1788
2020-10-08,310
2020-10-09,974
2020-10-10,2126
2020-10-11,1021
2020-10-12,2403
2020-10-13,928
2020-10-14,5110
2020-10-15,567
2020-10-16,1586
2020-10-17,32
2020-10-18,3271
2020-10-19,1123
2020-10-20,5683
2020-10-21,305
2020-10-22,554
2020-10-23,409
2020-10-24,3788
2020-10-25,8028
2020-10-26,1572
2020-10-27,6891
2020-10-28,789
2020-10-29,73
2020-10-30,135
2020-10-31,1197
2020-11-01,152
2020-11-02,365
2020-11-03,7835
2020-11-04,1896
2020-11-05,2030
2020-11-06,715
2020-11-07,1375
2020-11-08,983
2020-11-09,5532
2020-11-10,5351
2020-11-11,999
2020-11-12,1281
2020-11-13,1424
2020-11-14,164
2020-11-15,1255
2020-11-16,2041
2020-11-17,7238
2020-11-18,448
2020-11-19,43
2020-11-20,85
2020-11-21,2371
2020-11-22,1450
2020-11-23,139
2020-11-24,7596
2020-11-25,79
2020-11-26,2554
2020-11-27,550
2020-11-28,138
2020-11-29,973
2020-11-30,1085
2020-12-01,2070
2020-12-02,161
2020-12-03,1700
2020-12-04,916
2020-12-05,1795
2020-12-06,2
2020-12-07,1129
2020-12-08,6682
2020-12-09,1812
2020-12-10,421
2020-12-11,2996
2020-12-12,1265
2020-12-13,927
2020-12-14,2291
2020-12-15,1001
2020-12-16,341
2020-12-17,75
2020-12-18,7815
2020-12-19,1206
2020-12-20,2949
2020-12-21,3022
2020-12-22,1381
2020-12-23,944
2020-12-24,4538
2020-12-25,1967
2020-12-26,366
2020-12-27,2353
2020-12-28,2196
2020-12-29,3470
2020-12-30,3278
2020-12-31,2283
2021-01-01,316
2021-01-02,2086
2021-01-03,1860
2021-01-04,14
2021-01-05,292
2021-01-06,502
2021-01-07,2937
2021-01-08,1387
2021-01-09,463
2021-01-10,535
2021-01-11,2778
2021-01-12,1761
2021-01-13,1570
2021-01-14,2531
2021-01-15,520
2021-01-16,99
2021-01-17,1989
2021-01-18,188
2021-01-19,1175
2021-01-20,1044
2021-01-21,219
2021-01-22,2640
2021-01-23,2368
2021-01-24,125
2021-01-25,229
2021-01-26,5132
2021-01-27,963
2021-01-28,728
2021-01-29,569
2021-01-30,379
2021-01-31,174
2021-02-01,33
2021-02-02,1480
2021-02-03,1686
2021-02-04,1079
2021-02-05,984
2021-02-06,82
2021-02-07,71
2021-02-08,66
2021-02-09,598
2021-02-10,747
2021-02-11,41
2021-02-12,116
2021-02-13,1388
2021-02-14,134
2021-02-15,47
2021-02-16,1088
2021-02-17,2189
2021-02-18,5193
2021-02-19,1858
2021-02-20,52
2021-02-21,119
2021-02-22,2252
2021-02-23,519
2021-02-24,222
2021-02-25,1396
2021-02-26,790
2021-02-27,241
2021-02-28,1842
2021-03-01,1146
2021-03-02,405
2021-03-03,1014
2021-03-04,1008
2021-03-05,2081
2021-03-06,203
2021-03-07,1538
2021-03-09,1392
2021-03-10,349
2021-03-11,158
2021-03-12,1827
2021-03-13,2532
2021-03-14,2192
2021-03-15,145
2021-03-16,1445
2021-03-17,245
2021-03-18,145
2021-03-19,1672
2021-03-20,4631
2021-03-21,5235
2021-03-22,5388
2021-03-23,1835
2021-03-24,162
2021-03-25,5684
2021-03-26,2660
2021-03-27,9449
2021-03-28,1386
2021-03-29,496
2021-03-30,1519
2021-03-31,59
2021-04-01,2072
2021-04-02,1062
2021-04-03,1539
2021-04-04,2636
2021-04-05,5549
2021-04-06,1853
2021-04-07,1011
2021-04-08,733
2021-04-09,2203
2021-04-10,7444
2021-04-11,4824
2021-04-12,999
2021-04-13,3025
2021-04-14,520
2021-04-15,428
2021-04-16,3203
2021-04-17,725
2021-04-18,1751
2021-04-19,324
2021-04-20,2423
2021-04-21,755
2021-04-22,45
2021-04-23,2454
2021-04-24,97
2021-04-25,3920
2021-04-26,935
2021-04-27,7180
2021-04-28,2288
2021-04-29,154
2021-04-30,2721
2021-05-01,1612
2021-05-02,6280
2021-05-03,1729
2021-05-04,5527
2021-05-05,4352
2021-05-06,56
2021-05-07,3165
2021-05-08,529
2021-05-09,1400
2021-05-10,6204
2021-05-11,5670
2021-05-12,183
2021-05-13,6030
2021-05-14,4334
2021-05-15,17066
2021-05-16,10654
2021-05-17,3799
2021-05-18,4029
2021-05-19,2975
2021-05-20,5043
2021-05-21,9895
2021-05-22,3833
2021-05-23,223
2021-05-24,5792
2021-05-25,16389
2021-05-26,6906
2021-05-27,3930
2021-05-28,7361
2021-05-29,4248
2021-05-30,4594
2021-05-31,5002
2021-06-01,2813
2021-06-02,5460
2021-06-03,5897
2021-06-04,7846
2021-06-05,13606
2021-06-06,11485
2021-06-07,4135
2021-06-08,4176
2021-06-09,6134
2021-06-10,14019
2021-06-11,2979
2021-06-12,13469
2021-06-13,9714
2021-06-14,3322
2021-06-15,6667
2021-06-16,5344
2021-06-17,946
2021-06-18,1422
2021-06-19,10136
2021-06-20,7049
2021-06-21,5230
2021-06-22,6148
2021-06-23,7367
2021-06-24,7262
2021-06-25,7151
2021-06-26,2674
2021-06-27,9639
2021-06-28,4841
2021-06-29,3024
2021-06-30,2787
2021-07-01,4825
2021-07-02,16055
2021-07-03,9598
2021-07-04,2614
2021-07-05,3516
2021-07-06,4588
2021-07-07,14351
2021-07-08,13298
2021-07-09,3764
2021-07-10,8560
2021-07-11,2113
2021-07-12,9872
2021-07-13,4114
2021-07-14,2547
2021-07-15,7336
2021-07-16,3950
2021-07-17,4865
2021-07-18,13707
2021-07-19,7231
2021-07-20,9183
2021-07-21,7371
2021-07-22,1307
2021-07-23,2886
2021-07-24,13192
2021-07-25,1780
2021-07-26,9430
2021-07-27,1170
2021-07-28,15079
2021-07-29,1541
2021-07-30,9637
2021-07-31,6469
2021-08-01,10504
2021-08-02,4321
2021-08-03,2140
2021-08-04,7587
2021-08-05,7814
2021-08-06,3936
2021-08-07,7272
2021-08-08,2549
2021-08-09,3099
2021-08-10,4081
2021-08-11,9731
2021-08-12,7493
2021-08-13,6702
2021-08-14,9683
2021-08-15,4579
2021-08-16,5534
2021-08-17,5344
2021-08-18,6349
2021-08-19,5079
2021-08-20,3668
2021-08-21,4465
2021-08-22,8485
2021-08-23,3705
2021-08-24,3104
2021-08-25,5572
2021-08-26,6092
2021-08-27,4341
2021-08-28,1341
2021-08-29,4231
2021-08-30,13386
2021-08-31,3096
2021-09-01,3855
2021-09-02,1018
2021-09-03,13452
2021-09-04,8082
2021-09-05,6884
2021-09-06,3124
2021-09-07,11066
2021-09-08,5746
2021-09-09,21142
2021-09-10,6313
2021-09-11,14951
2021-09-12,12496
2021-09-13,4187
2021-09-14,3025
2021-09-15,7124
2021-09-16,15623
2021-09-17,11862
2021-09-18,9341
2021-09-19,1078
2021-09-20,8092
2021-09-21,7681
2021-09-22,5555
2021-09-23,22440
2021-09-24,12768
2021-09-25,2596
2021-09-26,7579
2021-09-27,4027
2021-09-28,8836
2021-09-29,6122
2021-09-30,10999
2021-10-01,9621
2021-10-02,4842
2021-10-03,2345
2021-10-04,6155
2021-10-05,8825
2021-10-06,7151
2021-10-07,10343
2021-10-08,9392
2021-10-09,9817
2021-10-10,8886
2021-10-11,2806
2021-10-12,10097
2021-10-13,6772
2021-10-14,9495
2021-10-15,7225
2021-10-16,6960
2021-10-17,3060
2021-10-18,9232
2021-10-19,8669
2021-10-20,4559
2021-10-21,15623
2021-10-22,9818
2021-10-23,5374
2021-10-24,8393
2021-10-25,1440
2021-10-26,11670
2021-10-27,5286
2021-10-28,9496
2021-10-29,6791
2021-10-30,6206
2021-10-31,7116
2021-11-01,9894
2021-11-02,10572
2021-11-03,5551
2021-11-04,14956
2021-11-05,4577
2021-11-06,4275
2021-11-07,2380
2021-11-08,11910
2021-11-09,8849
2021-11-10,11616
2021-11-11,5149
2021-11-12,10276
2021-11-13,5695
2021-11-14,10842
2021-11-15,5407
2021-11-16,6603
2021-11-17,6495
2021-11-18,9095
2021-11-19,12283
2021-11-20,4108
2021-11-21,574
2021-11-22,3021
2021-11-23,14345
2021-11-24,4020
2021-11-25,4418
2021-11-26,1862
2021-11-27,931
2021-11-28,9061
2021-11-29,5510
2021-11-30,7439
2021-12-01,4975
2021-12-02,12457
2021-12-03,2372
2021-12-04,9429
2021-12-05,295
2021-12-06,4186
2021-12-07,4231
2021-12-08,4114
2021-12-09,7472
2021-12-10,186
2021-12-11,449
2021-12-12,256
2021-12-13,6297
2021-12-14,6389
2021-12-15,8171
2021-12-16,14391
2021-12-17,12940
2021-12-18,7925
2021-12-19,9196
2021-12-20,3898
2021-12-21,1993
2021-12-22,10574
2021-12-23,1943
2021-12-24,6089
2021-12-25,3729
2021-12-26,1402
2021-12-27,4253
2021-12-28,3756
2021-12-29,5112
2021-12-30,4149
2021-12-31,5552
2022-01-01,1088
2022-01-02,3718
2022-01-03,3168
2022-01-04,1734
2022-01-05,2379
2022-01-06,2289
2022-01-07,5479
2022-01-08,7600
2022-01-09,3002
2022-01-10,3149
2022-01-11,1354
2022-01-12,3494
2022-01-13,451
2022-01-14,11653
2022-01-15,1911
2022-01-16,1197
2022-01-17,2947
2022-01-18,10434
2022-01-19,8366
2022-01-20,10193
2022-01-21,4156
2022-01-22,3466
2022-01-23,5166
2022-01-24,9012
2022-01-25,834
2022-01-26,3247
2022-01-27,198
2022-01-28,5129
2022-01-29,8800
2022-01-30,710
2022-01-31,2160
2022-02-01,3492
2022-02-02,4223
2022-02-03,10503
2022-02-04,3543
2022-02-05,5297
2022-02-06,2968
2022-02-07,4879
2022-02-08,9916
2022-02-09,6072
2022-02-10,9271
2022-02-11,5924
2022-02-12,2591
2022-02-13,3298
2022-02-14,4429
2022-02-15,5727
2022-02-16,3144
2022-02-17,9752
2022-02-18,5389
2022-02-19,6864
2022-02-20,7206
2022-02-21,1256
2022-02-22,872
2022-02-23,4426
2022-02-24,6971
2022-02-25,4364
2022-02-26,268
2022-02-27,9045
2022-02-28,4508
2022-03-01,4722
2022-03-02,4788
2022-03-03,3937
2022-03-04,460
2022-03-05,185
2022-03-06,243
2022-03-07,2440
2022-03-08,4515
2022-03-09,8416
2022-03-10,9998
2022-03-11,2640
2022-03-12,1722
2022-03-13,871
2022-03-14,2047
2022-03-15,3080
2022-03-16,4717
2022-03-17,4437
2022-03-18,521
2022-03-19,413
2022-03-20,362
2022-03-21,1682
2022-03-22,4455
2022-03-23,9949
2022-03-24,6343
2022-03-25,10965
2022-03-26,6862
2022-03-27,6872
2022-03-28,11236
2022-03-29,5671
2022-03-30,10084
2022-03-31,7410
2022-04-01,5428
2022-04-02,5463
2022-04-03,3854
2022-04-04,5955
2022-04-05,5456
2022-04-06,7213
2022-04-07,6412
2022-04-08,2495
2022-04-09,1293
2022-04-10,8405
2022-04-11,8549
2022-04-12,4821
2022-04-13,10138
2022-04-14,9284
2022-04-15,9084
2022-04-16,3186
2022-04-17,9540
2022-04-18,8941
2022-04-19,3454
2022-04-20,9366
2022-04-21,4178
2022-04-22,1629
2022-04-23,2235
2022-04-24,4043
2022-04-25,4197
2022-04-26,12430
2022-04-27,9339
2022-04-28,20705
2022-04-29,4989
2022-04-30,9888
2022-05-01,4459
2022-05-02,5292
2022-05-03,4859
2022-05-04,6401
2022-05-05,362
2022-05-06,5454
2022-05-07,449
2022-05-08,4564
2022-05-09,7686
2022-05-10,5305
2022-05-11,4370
2022-05-12,2824
2022-05-13,1855
2022-05-14,2251
2022-05-15,9325
2022-05-16,5291
2022-05-17,3043
2022-05-18,1094
2022-05-19,5036
2022-05-20,4532
2022-05-21,2447
2022-05-22,8679
2022-05-23,9754
2022-05-24,2245
2022-05-25,3822
2022-05-26,7294
2022-05-27,2468
2022-05-28,8096
2022-05-29,3306
2022-05-30,2057
2022-05-31,4042
2022-06-01,1480
2022-06-02,4038
2022-06-03,6461
2022-06-04,4665
2022-06-05,4576
2022-06-06,623
2022-06-07,2521
2022-06-08,622
2022-06-09,3784
2022-06-10,1100
2022-06-11,457
2022-06-12,1753
2022-06-13,5742
2022-06-14,4694
2022-06-15,3913
2022-06-16,8665
2022-06-17,3922
2022-06-18,3790
2022-06-19,8828
2022-06-20,3049
2022-06-21,2915
2022-06-22,2589
2022-06-23,5866
2022-06-24,3083
2022-06-25,5163
2022-06-26,2797
2022-06-27,2507
2022-06-28,3519
2022-06-29,6112
2022-06-30,6782
2022-07-01,3796
2022-07-02,15985
2022-07-03,8087
2022-07-04,15731
2022-07-05,21299
2022-07-06,22233
2022-07-07,5218
2022-07-08,13544
2022-07-09,6648
2022-07-10,4059
2022-07-11,5067
2022-07-12,2871
2022-07-13,3060
2022-07-14,2666
2022-07-15,2133
2022-07-16,5193
2022-07-17,420
2022-07-18,9373
2022-07-19,15666
2022-07-20,5481
2022-07-21,4649
2022-07-22,4863
2022-07-23,7255
2022-07-24,2289
2022-07-25,5025
2022-07-26,3651
2022-07-27,4222
2022-07-28,1658
2022-07-29,7295
2022-07-30,2607
2022-07-31,3833
2022-08-01,2653
2022-08-02,8741
2022-08-03,4025
2022-08-04,3862
2022-08-05,6528
2022-08-06,23503
2022-08-07,14891
2022-08-08,1498
2022-08-09,6342
2022-08-10,4950
2022-08-11,2805
2022-08-12,3189
2022-08-13,2919
2022-08-14,1949
2022-08-15,3018
2022-08-16,6049
2022-08-17,5629
2022-08-18,4307
2022-08-19,6306
2022-08-20,5571
2022-08-21,5367
2022-08-22,2582
2022-08-23,5220
2022-08-24,6474
2022-08-25,3025
2022-08-26,5014
2022-08-27,7318
2022-08-28,4347
2022-08-29,2025
2022-08-30,5385
2022-08-31,10808
2022-09-01,2487
2022-09-02,2616
2022-09-03,1417
2022-09-04,5518
2022-09-05,8429
2022-09-06,4657
2022-09-07,3944
2022-09-08,696
2022-09-09,8184
2022-09-10,21130
2022-09-11,23284
2022-09-12,10068
2022-09-13,1922
2022-09-14,6355
2022-09-15,4357
2022-09-16,4336
2022-09-17,2682
2022-09-18,10126
2022-09-19,1659
2022-09-20,4260
2022-09-21,9533
2022-09-22,13515
2022-09-23,6970
2022-09-24,2900
2022-09-25,4524
2022-09-26,10939
2022-09-27,4502
2022-09-28,5746
2022-09-29,7259
2022-09-30,4253
2022-10-01,3623
2022-10-02,480
2022-10-03,5959
2022-10-04,4547
2022-10-05,7533
2022-10-06,5062
2022-10-07,4662
2022-10-08,5250
2022-10-09,2897
2022-10-10,11617
2022-10-11,4057
2022-10-12,6284
2022-10-13,5005
2022-10-14,3740
2022-10-15,452
2022-10-16,4750
2022-10-17,11842
2022-10-18,4712
2022-10-19,4086
2022-10-20,7769
2022-10-21,7623
2022-10-22,2564
2022-10-23,2436
2022-10-24,13107
2022-10-25,3270
2022-10-26,5729
2022-10-27,9225
2022-10-28,6790
2022-10-29,6738
2022-10-30,2927
2022-10-31,7480
2022-11-01,7457
2022-11-02,3807
2022-11-03,8072
2022-11-04,1512
2022-11-05,2387
2022-11-06,1474
2022-11-07,2831
2022-11-08,7316
2022-11-09,813
2022-11-10,4286
2022-11-11,2774
2022-11-12,2126
2022-11-13,6678
2022-11-14,29965
2022-11-15,16884
2022-11-16,1935
2022-11-17,18305
2022-11-18,15998
2022-11-19,1006
2022-11-20,1310
2022-11-21,3361
2022-11-22,3303
2022-11-23,2694
2022-11-24,5106
2022-11-25,1521
2022-11-26,7214
2022-11-27,8834
2022-11-28,1624
2022-11-29,2356
2022-11-30,1768
2022-12-01,3468
2022-12-02,2535
2022-12-03,2199
2022-12-04,5408
2022-12-05,6404
2022-12-06,2716
2022-12-07,6870
2022-12-08,6230
2022-12-09,7492
2022-12-10,11340
2022-12-11,6161
2022-12-12,24503
2022-12-13,9679
2022-12-14,15341
2022-12-15,5577
2022-12-16,5830
2022-12-17,6234
2022-12-18,5585
2022-12-19,8857
2022-12-20,1902
2022-12-21,1368
2022-12-22,1851
2022-12-23,1595
2022-12-24,2140
2022-12-25,4871
2022-12-26,963
2022-12-27,6298
2022-12-28,6495
2022-12-29,8490
2022-12-30,2685
2022-12-31,11620
2023-01-01,6097
2023-01-02,10069
2023-01-03,5064
2023-01-04,4720
2023-01-05,1005
2023-01-06,3814
2023-01-07,7991
2023-01-08,1057
2023-01-09,3542
2023-01-10,2531
2023-01-11,14224
2023-01-12,8859
2023-01-13,5826
2023-01-14,2778
2023-01-15,1339
2023-01-16,10767
2023-01-17,12692
2023-01-18,5868
2023-01-19,5863
2023-01-20,3635
2023-01-21,2264
2023-01-22,14786
2023-01-23,6847
2023-01-24,2405
2023-01-25,6618
2023-01-26,3784
2023-01-27,7515
2023-01-28,4602
2023-01-29,7451
2023-01-30,6080
2023-01-31,4423
2023-02-01,4435
2023-02-02,8620
2023-02-03,5053
2023-02-04,4981
2023-02-05,12106
2023-02-06,8442
2023-02-07,6854
2023-02-08,4788
2023-02-09,5419
2023-02-10,6314
2023-02-11,2171
2023-02-12,3795
2023-02-13,4604
2023-02-14,6160
2023-02-15,4898
2023-02-16,2280
2023-02-17,3325
2023-02-18,13619
2023-02-19,12195
2023-02-20,390
2023-02-21,3466
2023-02-22,6895
2023-02-23,4664
2023-02-24,3467
2023-02-25,1995
2023-02-26,5395
2023-02-27,6247
2023-02-28,1995
2023-03-01,7238
2023-03-02,6462
2023-03-03,6823
2023-03-04,3376
2023-03-05,4216
2023-03-06,12942
2023-03-07,940
2023-03-08,5767
2023-03-09,2672
2023-03-10,3575
2023-03-11,1694
2023-03-12,9636
2023-03-13,5731
2023-03-14,913
2023-03-15,4419
2023-03-16,7315
2023-03-17,1083
2023-03-18,15961
2023-03-19,5822
2023-03-20,8373
2023-03-21,14123
2023-03-22,13125
2023-03-23,18051
2023-03-24,15800
2023-03-25,13865
2023-03-26,11311
2023-03-27,5432
2023-03-28,7894
2023-03-29,1690
2023-03-30,4044
2023-03-31,3148
2023-04-01,9286
2023-04-02,4946
2023-04-03,5029
2023-04-04,5940
2023-04-05,3856
2023-04-06,7935
2023-04-07,3850
2023-04-08,3024
2023-04-09,11418
2023-04-10,4090
2023-04-11,5222
2023-04-12,5511
2023-04-13,3459
2023-04-14,2421
2023-04-15,2957
2023-04-16,12236
2023-04-17,1771
2023-04-18,5727
2023-04-19,5945
2023-04-20,6980
2023-04-21,5152
2023-04-22,1695
2023-04-23,9554
2023-04-24,1432
2023-04-25,3793
2023-04-26,5732
2023-04-27,10082
2023-04-28,1247
2023-04-29,4287
2023-04-30,8984
2023-05-01,5461
2023-05-02,5442
2023-05-03,6130
2023-05-04,7343
2023-05-05,1391
2023-05-06,668
2023-05-07,5021
2023-05-08,4677
2023-05-09,4070
2023-05-10,4014
2023-05-11,6487
2023-05-12,2190
2023-05-13,6537
2023-05-14,1351
2023-05-15,3875
2023-05-16,4890
2023-05-17,6140
2023-05-18,5928
2023-05-19,5569
2023-05-20,9810
2023-05-21,4676
2023-05-22,2882
2023-05-23,2920
2023-05-24,6597
2023-05-25,12829
2023-05-26,3925
2023-05-27,4772
2023-05-28,4647
2023-05-29,1877
2023-05-30,8277
2023-05-31,5970
2023-06-01,11097
2023-06-02,5063
2023-06-03,13120
2023-06-04,11932
2023-06-05,5015
2023-06-06,2558
2023-06-07,8097
2023-06-08,5720
2023-06-09,9331
2023-06-10,3038
2023-06-11,7062
2023-06-12,698
2023-06-13,654
2023-06-14,2216
2023-06-15,3721
2023-06-16,7175
2023-06-17,4436
2023-06-18,3628
2023-06-19,2122
2023-06-20,2022
2023-06-21,3690
2023-06-22,2363
2023-06-23,2756
2023-06-24,5807
2023-06-25,9638
2023-06-26,8819
2023-06-27,1119
2023-06-28,11035
2023-06-29,10117
2023-06-30,17471
2023-07-01,21286
2023-07-02,23440
2023-07-03,11573
2023-07-04,21126
2023-07-05,16588
2023-07-06,26431
2023-07-07,12043
2023-07-08,11967
2023-07-09,11217
2023-07-10,8797
2023-07-11,11259
2023-07-12,4840
2023-07-13,5512
2023-07-14,7342
2023-07-15,5235
2023-07-16,3537
2023-07-17,5405
2023-07-18,3699
2023-07-19,6567
2023-07-20,5419
2023-07-21,2298
2023-07-22,5611
2023-07-23,5036
2023-07-24,10310
2023-07-25,5169
2023-07-26,5054
2023-07-27,2568
2023-07-28,5283
2023-07-29,3904
2023-07-30,5598
2023-07-31,6750
2023-08-01,3403
2023-08-02,5557
2023-08-03,3949
2023-08-04,3472
2023-08-05,4352
2023-08-06,7403
2023-08-07,2418
2023-08-08,2859
2023-08-09,8001
2023-08-10,2706
2023-08-11,7104
2023-08-12,4124
2023-08-13,7871
2023-08-14,2342
2023-08-15,5110
2023-08-16,4454
2023-08-17,5683
2023-08-18,3190
2023-08-19,11365
2023-08-20,5582
2023-08-21,7008
2023-08-22,1849
2023-08-23,3256
2023-08-24,4740
2023-08-25,3847
2023-08-26,8620
2023-08-27,1541
2023-08-28,2530
2023-08-29,3756
2023-08-30,9462
2023-08-31,5057
2023-09-01,1448
2023-09-02,1198
2023-09-03,35650
2023-09-04,1364
2023-09-05,8049
2023-09-06,4261
2023-09-07,4216
2023-09-08,2955
2023-09-09,3239
2023-09-10,3493
2023-09-11,9076
2023-09-12,2564
2023-09-13,2198
2023-09-14,6117
2023-09-15,6534
2023-09-16,4736
2023-09-17,6845
2023-09-18,1918
2023-09-19,5107
2023-09-20,2129
2023-09-21,2941
2023-09-22,3081
2023-09-23,1374
2023-09-24,6578
2023-09-25,4065
2023-09-26,7791
2023-09-27,3595
2023-09-28,3957
2023-09-29,8301
2023-09-30,7791
2023-10-01,9597
2023-10-02,8737
2023-10-03,5560
2023-10-04,1996
2023-10-05,6941
2023-10-06,5863
2023-10-07,5248
2023-10-08,3808
2023-10-09,7948
2023-10-10,4603
2023-10-11,1188
2023-10-12,7362
2023-10-13,4975
2023-10-14,3802
2023-10-15,2975
2023-10-16,5534
2023-10-17,5417
2023-10-18,1038
2023-10-19,5159
2023-10-20,2689
2023-10-21,6537
2023-10-22,2909
2023-10-23,6754
2023-10-24,13614
2023-10-25,4950
2023-10-26,6539
2023-10-27,3774
2023-10-28,7086
2023-10-29,5084
2023-10-30,2712
2023-10-31,9032
2023-11-01,9673
2023-11-02,6769
2023-11-03,3793
2023-11-04,8020
2023-11-05,3855
2023-11-06,7323
2023-11-07,4623
2023-11-08,6698
2023-11-09,4549
2023-11-10,8345
2023-11-11,11081
2023-11-12,1516
2023-11-13,2244
2023-11-14,4923
2023-11-15,3297
2023-11-16,8643
2023-11-17,3953
2023-11-18,7350
2023-11-19,3091
2023-11-20,11484
2023-11-21,8652
2023-11-22,3498
2023-11-23,4274
2023-11-24,6190
2023-11-25,2719
2023-11-26,3600
2023-11-27,4214
2023-11-28,4181
2023-11-29,5312
2023-11-30,2028
2023-12-01,3974
2023-12-02,6307
2023-12-03,5171
2023-12-04,4780
2023-12-05,3479
2023-12-06,2722
2023-12-07,4041
2023-12-08,5206
2023-12-09,6485
2023-12-10,2880
2023-12-11,8320
2023-12-12,5157
2023-12-13,7554
2023-12-14,6039
2023-12-15,6221
2023-12-16,5128
2023-12-17,8317
2023-12-18,2698
2023-12-19,2461
2023-12-20,2880
2023-12-21,3405
2023-12-22,7286
2023-12-23,4046
2023-12-24,3246
2023-12-25,13065
2023-12-26,3203
2023-12-27,3313
2023-12-28,5182
2023-12-29,3192
2023-12-30,5540
2023-12-31,2602
2024-01-01,6036
2024-01-02,1505
2024-01-03,6203
2024-01-04,2693
2024-01-05,4834
2024-01-06,891
2024-01-07,2036
2024-01-08,1588
2024-01-09,4625
2024-01-10,2758
2024-01-11,2493
2024-01-12,6844
2024-01-13,8232
2024-01-14,6715
2024-01-15,16296
2024-01-16,4014
2024-01-17,5583
2024-01-18,3735
2024-01-19,9493
2024-01-20,6143
2024-01-21,2833
2024-01-22,14156
2024-01-23,2642
2024-01-24,8298
2024-01-25,3905
2024-01-26,5574
2024-01-27,8902
2024-01-28,7120
2024-01-29,3838
2024-01-30,1982
2024-01-31,6351
2024-02-01,4020
2024-02-02,6207
2024-02-03,3353
2024-02-04,4352
2024-02-05,5190
2024-02-06,1261
2024-02-07,5649
2024-02-08,1286
2024-02-09,6702
2024-02-10,6988
2024-02-11,8472
2024-02-12,1706
2024-02-13,14095
2024-02-14,7306
2024-02-15,8472
2024-02-16,2026
2024-02-17,5120
2024-02-18,7801
2024-02-19,1374
2024-02-20,5393
2024-02-21,6202
2024-02-22,7002
2024-02-23,4684
2024-02-24,1688
2024-02-25,20206
2024-02-26,2412
2024-02-27,4552
2024-02-28,7774
2024-02-29,4608
2024-03-01,7383
2024-03-02,3818
2024-03-03,8588
2024-03-04,5383
2024-03-05,2165
2024-03-06,6673
2024-03-07,2649
2024-03-08,7524
2024-03-09,9865
2024-03-10,2857
2024-03-11,9508
2024-03-12,1389
2024-03-13,2722
2024-03-14,2289
2024-03-15,4968
2024-03-16,1833
2024-03-17,3419
2024-03-18,2238
2024-03-19,8765
2024-03-20,8369
2024-03-21,5625
2024-03-22,6099
2024-03-23,7477
2024-03-24,834
2024-03-25,2327
2024-03-26,8458
2024-03-27,7601
2024-03-28,2559
2024-03-29,6484
2024-03-30,2508
2024-03-31,4908
2024-04-01,9925
2024-04-02,2430
2024-04-03,10768
2024-04-04,7178
2024-04-05,7021
2024-04-06,4539
2024-04-07,5391
2024-04-08,6862
2024-04-09,1972
2024-04-10,8812
2024-04-11,6002
2024-04-12,4912
2024-04-13,2203
2024-04-14,3934
2024-04-15,5265
2024-04-16,3436
2024-04-17,5232
2024-04-18,3541
2024-04-19,10029
2024-04-20,1896
2024-04-21,20872
2024-04-22,5896
2024-04-23,3799
2024-04-24,4911
2024-04-25,2619
2024-04-26,8641
2024-04-27,7088
2024-04-28,5353
2024-04-29,6832
2024-04-30,4441
2024-05-01,1103
2024-05-02,410
2024-05-03,6874
2024-05-04,5297
2024-05-05,1613
2024-05-06,4199
2024-05-07,2844
2024-05-08,2703
2024-05-09,4990
2024-05-10,3698
2024-05-11,7785
2024-05-12,2733
2024-05-13,5603
2024-05-14,1973
2024-05-15,5197
2024-05-16,2492
2024-05-17,6220
2024-05-18,4786
2024-05-19,2724
2024-05-20,7605
2024-05-21,766
2024-05-22,3622
2024-05-23,1655
2024-05-24,7133
2024-05-25,4712
2024-05-26,6645
2024-05-27,426
2024-05-28,3723
2024-05-29,2921
2024-05-30,2978
2024-05-31,14337
2024-06-01,9660
2024-06-02,1801
2024-06-03,7563
2024-06-04,3673
2024-06-05,5844
2024-06-06,6155
2024-06-07,11807
2024-06-08,12186
2024-06-09,5546
2024-06-10,5589
2024-06-11,8361
2024-06-12,2852
2024-06-13,2291
2024-06-14,2563
2024-06-15,3579
2024-06-16,3789
2024-06-17,7794
2024-06-18,3677
2024-06-19,10428
2024-06-20,3804
2024-06-21,5182
2024-06-22,8688
2024-06-23,2802
2024-06-24,2141
2024-06-25,4850
2024-06-26,5305
2024-06-27,7239
2024-06-28,6867
2024-06-29,1341
2024-06-30,8459
2024-07-01,6049
2024-07-02,15405
2024-07-03,6597
2024-07-04,5692
2024-07-05,5361
2024-07-06,10910
2024-07-07,3998
2024-07-08,3960
2024-07-09,14472
2024-07-10,5205
2024-07-11,9196
2024-07-12,8034
2024-07-13,7556
2024-07-14,1304
2024-07-15,1808
2024-07-16,3310
2024-07-17,3398
2024-07-18,1114
2024-07-19,10940
2024-07-20,2749
2024-07-21,12128
2024-07-22,5106
2024-07-23,2664
2024-07-24,14109
2024-07-25,1371
2024-07-26,6712
2024-07-27,14250
2024-07-28,4853
2024-07-29,2024
2024-07-30,2836
2024-07-31,1602
2024-08-01,2718
2024-08-02,4655
2024-08-03,2845
2024-08-04,4026
2024-08-05,7535
2024-08-06,4400
2024-08-07,7713
2024-08-08,5965
2024-08-09,4306
2024-08-10,798
2024-08-11,2639
2024-08-12,3761
2024-08-13,3261
2024-08-14,9911
2024-08-15,3454
2024-08-16,4025
2024-08-17,514
2024-08-18,7208
2024-08-19,8532
2024-08-20,8710
2024-08-21,1992
2024-08-22,5200
2024-08-23,6105
2024-08-24,9468
2024-08-25,5051
2024-08-26,5298
2024-08-27,2719
2024-08-28,7621
2024-08-29,8079
2024-08-30,16102
2024-08-31,6410
2024-09-01,3278
2024-09-02,3563
2024-09-03,5424
2024-09-04,6264
2024-09-05,4910
2024-09-06,7230
2024-09-07,23932
2024-09-08,2861
2024-09-09,6075
2024-09-10,5332
2024-09-11,5508
2024-09-12,2497
2024-09-13,3777
2024-09-14,7056
2024-09-15,12353
2024-09-16,2958
2024-09-17,9987
2024-09-18,5276
2024-09-19,7928
2024-09-20,5323
2024-09-21,3712
2024-09-22,3389
2024-09-23,1260
2024-09-24,11047
2024-09-25,2770
2024-09-26,2165
2024-09-27,6723
2024-09-28,2625
2024-09-29,9180
2024-09-30,7256
2024-10-01,4137
2024-10-02,799
2024-10-03,3777
2024-10-04,5665
2024-10-05,2897
2024-10-06,870
2024-10-07,10502
2024-10-08,8166
2024-10-09,5370
2024-10-10,8765
2024-10-11,5327
2024-10-12,5088
2024-10-13,5671
2024-10-14,5195
2024-10-15,3622
2024-10-16,1520
2024-10-17,2605
2024-10-18,9531
2024-10-19,6814
2024-10-20,3009
2024-10-21,8437
2024-10-22,6830
2024-10-23,1761
2024-10-24,5393
2024-10-25,8654
2024-10-26,6553
2024-10-27,6206
2024-10-28,7524
2024-10-29,2708
2024-10-30,6609
2024-10-31,2334
2024-11-01,18215
2024-11-02,1420
2024-11-03,7260
2024-11-04,1785
2024-11-05,2513
2024-11-06,6846
2024-11-07,4881
2024-11-08,8202
2024-11-09,3950
2024-11-10,13525
2024-11-11,3066
2024-11-12,5837
2024-11-13,2722
2024-11-14,5489
2024-11-15,8686
2024-11-16,2010
2024-11-17,4296
2024-11-18,5248
2024-11-19,6815
2024-11-20,8423
2024-11-21,5333
2024-11-22,9437
2024-11-23,13419
2024-11-24,20600
2024-11-25,4209
2024-11-26,5523
2024-11-27,7746
2024-11-28,3206
2024-11-29,5931
2024-11-30,12774
2024-12-01,2519
2024-12-02,4096
2024-12-03,5189
2024-12-04,2054
2024-12-05,4565
2024-12-06,10045
2024-12-07,3326
2024-12-08,1904
2024-12-09,11774
2024-12-10,5764
2024-12-11,3157
2024-12-12,4059
2024-12-13,5636
2024-12-14,873
2024-12-15,8037
2024-12-16,8132
2024-12-17,3108
2024-12-18,5633
2024-12-19,2577
2024-12-20,1428
2024-12-21,8499
2024-12-22,3908
2024-12-23,2949
2024-12-24,2919
2024-12-25,2328
2024-12-26,4579
2024-12-27,4484
2024-12-28,1820
2024-12-29,2846
2024-12-30,2630
2024-12-31,712
2025-01-01,176
2025-01-02,845
2025-01-03,1469
2025-01-04,6456
2025-01-05,705
2025-01-06,7404
2025-01-07,8908
2025-01-08,6892
2025-01-09,5560
2025-01-10,4568
2025-01-11,6171
2025-01-12,5954
2025-01-13,3202
2025-01-14,784
2025-01-15,4376
2025-01-16,1711
2025-01-17,4027
2025-01-18,918
2025-01-19,7329
2025-01-20,4348
2025-01-21,4732
2025-01-22,2301
2025-01-23,6502
2025-01-24,4865
2025-01-25,3978
2025-01-26,3700
2025-01-27,9958
2025-01-28,3175
2025-01-29,7148
2025-01-30,7207
2025-01-31,3217
2025-02-01,5497
2025-02-02,9848
2025-02-03,2201
2025-02-04,2249
2025-02-05,1776
2025-02-06,9143
2025-02-07,4226
2025-02-08,4763
2025-02-09,10838
2025-02-10,1218
2025-02-11,1121
2025-02-12,4789
2025-02-13,5823
2025-02-14,4238
2025-02-15,5343
2025-02-16,9235
2025-02-17,11543
2025-02-18,1350
2025-02-19,6161
2025-02-20,5242
2025-02-21,2670
2025-02-22,2749
2025-02-23,2819
2025-02-24,3921
2025-02-25,4730
2025-02-26,2241
2025-02-27,5402
2025-02-28,4158
2025-03-01,2805
2025-03-02,11626
2025-03-03,4635
2025-03-04,5928
2025-03-05,2698
2025-03-06,7756
2025-03-07,3993
2025-03-08,4782
2025-03-09,5730
2025-03-10,1515
2025-03-11,1850
2025-03-12,5568
2025-03-13,4480
2025-03-14,8312
2025-03-15,2787
2025-03-16,12142
2025-03-17,7639
2025-03-18,6982
2025-03-19,5149
2025-03-20,14762
2025-03-21,3965
2025-03-22,8124
2025-03-23,4626
2025-03-24,9552
2025-03-25,4232
2025-03-26,7773
2025-03-27,12861
2025-03-28,8799
2025-03-29,966
2025-03-30,5277
2025-03-31,2292
2025-04-01,6648
2025-04-02,1661
2025-04-03,5134
2025-04-04,5534
2025-04-05,3152
2025-04-06,2032
2025-04-07,3235
2025-04-08,3426
2025-04-09,6983
2025-04-10,4836
2025-04-11,5285
2025-04-12,9158
2025-04-13,1240
2025-04-14,1173
2025-04-15,7502
2025-04-16,2152
2025-04-17,3940
2025-04-18,1309
2025-04-19,5815
2025-04-20,1066
2025-04-21,4477
2025-04-22,4324
2025-04-23,5437
2025-04-24,2024
2025-04-25,3384
2025-04-26,2190
2025-04-27,2451
2025-04-28,6360
2025-04-29,6087
2025-04-30,10918
2025-05-01,6956
2025-05-02,12012
2025-05-03,14090
2025-05-04,23970
2025-05-05,11035
2025-05-06,9567
2025-05-07,2467
2025-05-08,8254
2025-05-09,3152
2025-05-10,4386
2025-05-11,1730
2025-05-12,4964
2025-05-13,6992
2025-05-14,9122
2025-05-15,2693
2025-05-16,6212
2025-05-17,1045
2025-05-18,3922
2025-05-19,2150
2025-05-20,9037
2025-05-21,6474
2025-05-22,3888
2025-05-23,2811
2025-05-24,6130
2025-05-25,3335
2025-05-26,4755
2025-05-27,4329
2025-05-28,4815
2025-05-29,2601
2025-05-30,3032
2025-05-31,4545
2025-06-01,2501
2025-06-02,3905
2025-06-03,4580
2025-06-04,5530
2025-06-05,1907
2025-06-06,812
2025-06-07,2495
2025-06-08,9443
2025-06-09,1935
2025-06-10,4649
2025-06-11,3998
2025-06-12,562
2025-06-13,4753
2025-06-14,1193
2025-06-15,11050
2025-06-16,3336
2025-06-17,2229
2025-06-18,4612
2025-06-19,8901
2025-06-20,3814
2025-06-21,10536
2025-06-22,1369
2025-06-23,4567
2025-06-24,5078
2025-06-25,3069
2025-06-26,2630
2025-06-27,4744
2025-06-28,4464
2025-06-29,5055
2025-06-30,1633
2025-07-01,3715
2025-07-02,1880
2025-07-03,3635
2025-07-04,3650
2025-07-05,7468
2025-07-06,3545
2025-07-07,3299
2025-07-08,1369
2025-07-09,2778
2025-07-10,5124
2025-07-11,1339
2025-07-12,9058
2025-07-13,5848
2025-07-14,3148
2025-07-15,4767
2025-07-16,2141
2025-07-17,2017
2025-07-18,2384
2025-07-19,7683
2025-07-20,8265
2025-07-21,6598
2025-07-22,3747
2025-07-23,5815
2025-07-24,6418
2025-07-25,3471
2025-07-26,8170
2025-07-27,3391
2025-07-28,4551
2025-07-29,9501
2025-07-30,4639
2025-07-31,7758
2025-08-01,3336
2025-08-02,3051
2025-08-03,1946
2025-08-04,1410
2025-08-05,3023
2025-08-06,7053
2025-08-07,8177
2025-08-08,5092
2025-08-09,13923
2025-08-10,6372
2025-08-11,4780
2025-08-12,9738
2025-08-13,2027
2025-08-14,8558
2025-08-15,2695
